year_month,total_orders,total_revenue,avg_order_value
2025-01,14,2160.54,154.3242857142857
2025-02,18,3010.74,167.26333333333332
2025-03,18,2685.07,149.17055555555555
2025-04,11,1579.02,143.5472727272727
2025-05,19,4065.36,213.9663157894737
2025-06,23,3361.36,146.14608695652174
2025-07,12,1593.24,132.77
2025-08,20,3549.68,177.48399999999998
2025-09,8,1506.37,188.29625
2025-10,8,1241.1599999999999,155.14499999999998
2025-11,17,2529.53,148.7958823529412
2025-12,12,1738.0,144.83333333333334
